id,title,genres,original_language,overview,popularity,production_companies,release_date,budget,revenue,runtime,status,tagline,vote_average,vote_count,credits,keywords,poster_path,backdrop_path,recommendations
917496,Beetlejuice Beetlejuice,Comedy-Fantasy-Horror,en,After a family tragedy three generations of the Deetz family return home to Winter River. Still haunted by Beetlejuice Lydia's life is turned upside down when her teenage daughter Astrid accidentally opens the portal to the Afterlife.,1434.036,Warner Bros. Pictures-Geffen Pictures-Plan B Entertainment-Tim Burton Productions-Domain Entertainment-Tommy Harper Productions,2024-09-04,100000000.0,264414877.0,105.0,Released,The ghost with the most is back.,7.223,433.0,Michael Keaton-Winona Ryder-Catherine O'Hara-Jenna Ortega-Justin Theroux-Willem Dafoe-Monica Bellucci-Arthur Conti-Nick Kellington-Santiago Cabrera-Burn Gorman-Danny DeVito-Sami Slimane-Amy Nuttall-Mark Heenehan-Charlie Hopkinson-Liv Spencer-Skylar Park-Matt Lyons-Jane Leaney-David Ayres-Sophie Holland-Walles Hamonde-Max Pemberton-Rebecca O'Mara-Adam Speers-Daryl Kwan-Caroline Lawrie-Philip Philmar-Stephen K. Amos-Sean Verre-Noah Mendes-Juliana Yazbeck-Bea Svistunenko-Filipe Cates-Alex Michael Stoll-Rupi Lal-Georgina Beedle-Stefano Marchetti-Samantha Chung-James Fisher-Travis Campbell-Ian Hawkins-Christopher C. James-Tim Kavanagh,afterlife-haunted house-sequel-paranormal-teenage girl-gothic-death-new england-ghost-horror comedy-unexpected death-mother daughter relationship-fantasy-fantasy comedy,/kKgQzkUCnQmeTPkyIwHly2t6ZFI.jpg,/cgKZtNSETjXJPkAQ4rasV7dnyQH.jpg,646097-841742-2574-1280990-395817-473958-1130053-889737-1103750-37567-1320389-1060161-1038263-1276210-1104937-1200513-1321170-1148663-1182047-1139106
957452,The Crow,Action-Fantasy-Horror-Thriller,en,Soulmates Eric and Shelly are brutally murdered when the demons of her dark past catch up with them. Given the chance to save his true love by sacrificing himself Eric sets out to seek merciless revenge on their killers traversing the worlds of the living and the dead to put the wrong things right.,275.489,The Electric Shadow Company-Davis Films-Pressman Film-Ashland Hill Media Finance-FilmNation Entertainment-Hassell Free Productions-30WEST-Lionsgate-Yellow Flower-Czech Anglo Productions-Maze Pictures,2024-08-21,50000000.0,13690814.0,111.0,Released,True love never dies.,5.479,193.0,Bill Skarsgård-FKA twigs-Danny Huston-Laura Birn-Jordan Bolger-Isabella Wei-Sami Bouajila-David Bowles-Dukagjin Podrimaj-Paul Maynard-Jim High-Sebastian Orozco-Kim Girschner-Baha Chbani,husband wife relationship-soulmates-superhero-crow-based on comic-remake-revenge-murder-back from the dead-death-true love-awakening-dark romance-re-imagining-complicated-gloomy-ridiculous,/AqchrmqqSCsEvhuinXgFXTD8q83.jpg,/Asg2UUwipAdE87MxtJy7SQo08XI.jpg,840705-39893-79892-1327530-1042650-1201072-25476-1146143-1298238-874743-1091267-974250-869291-976581-1300962-1247031-460071-1079091-945961-1226578
945961,Alien: Romulus,Horror-Science Fiction,en,While scavenging the deep ends of a derelict space station a group of young space colonizers come face to face with the most terrifying life form in the universe.,1496.056,20th Century Studios-Scott Free Productions-Brandywine Productions,2024-08-13,80000000.0,225439383.0,119.0,Released,They went looking for a new life. It found them.,7.213,628.0,Cailee Spaeny-David Jonsson-Archie Renaux-Isabela Merced-Spike Fearn-Aileen Wu-Rosie Ede-Soma Simon-Bence Okeke-Viktor Orizu-Robert Bobroczkyi-Trevor Newlin-Annemarie Griggs-Daniel Betts,alien life-form-alien-space-alien contact-alien monster-alien encounter-space capsule-alien hostility-amused,/b33nnKl1GSFbao4l3fZDDqsMx0F.jpg,/9SSEUrSqhljBMzRe4aBTh17rUaC.jpg,726139-1243849-97984-1032823-860867-1094138-913001-838154-1079091-1111869-52868-1209217-41975-23587-251577-1216191-981063-1251621-1233208-683363
869291,Cuckoo,Horror-Mystery-Science Fiction,en,After reluctantly moving to the German Alps with her father and his new family Gretchen discovers that their new town hides sinister secrets as she's plagued by strange noises and frightening visions of a woman pursuing her.,121.47,NEON-100 Zeros-Waypoint Entertainment-Fiction Park,2024-08-02,7000000.0,6470705.0,103.0,Released,Fear its call.,5.5,52.0,Hunter Schafer-Dan Stevens-Jessica Henwick-Marton Csokas-Mila Lieu-Greta Fernández-Astrid Bergès-Frisbey-Proschat Madani-Kalin Morrow-Jan Bluthardt-Lesley Jennifer Higl-Zita Hanrot-Konrad Singer-Veronika Bachfischer-Carolin Ott-Johannes Benecke-Conny Brandt-Jana Bange-Laura Pröll-Jennifer Buschmann-Matthea Pedersen-Joshua Hupfauer-Sydney Lafaire,germany-stepmother-grief-female protagonist-scientist-dead mother-sign languages-half sister-trippy-mountain resort-lesbian-mute character-ambiguous-cliché-commanding-german alps,/4bGP5cnSZbfBJfIidZNSEIKnav7.jpg,/1eoCL8fPUZKlho03XVeNzZ3nlds.jpg,1166073-1087571-31578-933260-437381-1240422-1175038-11450-957452-945961-754609-50839-1079091-520023-1226578-718821-63-497698-680-346698
533535,Deadpool & Wolverine,Action-Comedy-Science Fiction,en,A listless Wade Wilson toils away in civilian life with his days as the morally flexible mercenary Deadpool behind him. But when his homeworld faces an existential threat Wade must reluctantly suit-up again with an even more reluctant Wolverine.,2395.156,Marvel Studios-Maximum Effort-21 Laps Entertainment-20th Century Studios-Kevin Feige Productions-TSG Entertainment,2024-07-24,200000000.0,1304995644.0,128.0,Released,Come together.,7.701,2912.0,Ryan Reynolds-Hugh Jackman-Emma Corrin-Matthew Macfadyen-Dafne Keen-Jon Favreau-Morena Baccarin-Rob Delaney-Leslie Uggams-Jennifer Garner-Wesley Snipes-Channing Tatum-Chris Evans-Henry Cavill-Wunmi Mosaku-Aaron Stanford-Tyler Mane-Karan Soni-Brianna Hildebrand-Shioli Kutsuna-Stefan Kapicic-Randal Reeder-Lewis Tan-Nick Pauley-Sonita Henry-Ryan McKen-Nanak Phlora-Aydin Ahmed-Leemore Marrett Jr.-James Dryden-Ollie Palmer-Greg Hemphill-Aaron W Reed-Mike Waters-Rob McElhenney-James Reynolds-Ed Kear-Paul G. Raymond-Blake Lively-Inez Reynolds-Nathan Fillion-Matthew McConaughey-OIin Reynolds-Paul Mullin-Alex Kyshkovych-Chris Hemsworth-Billy Clements-Daniel Medina Ramos-Jade Lye-Nilly Cetin-Eduardo Gago Muñoz-Chloe Kibble-Curtis Rowland Small-Ayesha Hussain-Jessica Walker-Harry Holland-Kevin Fortin,hero-superhero-anti hero-mutant-breaking the fourth wall-marvel cinematic universe (mcu)-mutants-superhero teamup,/8cdWjvZQUExUUTzyp4t6EDMubfO.jpg,/9l1eZiJHmhr5jIlthMdJN5WYoff.jpg,573435-718821-945961-519182-1032823-1022789-799583-762441-365177-1226578-1079091-1094138-1059064-704239-1023922-956842-383498-840705-653346-1008409
718821,Twisters,Action-Adventure-Drama,en,As storm season intensifies the paths of former storm chaser Kate Carter and reckless social-media superstar Tyler Owens collide when terrifying phenomena never seen before are unleashed. The pair and their competing teams find themselves squarely in the paths of multiple storm systems converging over central Oklahoma in the fight of their lives.,523.435,Universal Pictures-Warner Bros. Pictures-Amblin Entertainment-Domain Entertainment,2024-07-10,155000000.0,274535650.0,123.0,Released,Chase. Ride. Survive.,7.145,320.0,Daisy Edgar-Jones-Glen Powell-Anthony Ramos-Brandon Perea-Maura Tierney-Harry Hadden-Paton-Sasha Lane-Daryl McCormack-Kiernan Shipka-Nik Dodani-David Corenswet-Tunde Adebimpe-Katy O'Brian-David Born-Paul Scheer-Laura Poe-Austin Bullock-Stephen Oyoung-Alex Kingi-Chris Adrien-Samantha Ireland-Aila Grey-Jeff Swearingen-James Paxton-Lily Smith-Randy Ballard-Ashley Moss-Mike Morgan-Emily Sutton-Julie Oliver-Touchstone-Austin Brooks-Darryl Cox-Douglas Seok-Ben Snow-Ashley Jay Sandberg-Clay Edward Jones-Victoria Angelina Cruz-Ben Scott-Elizabeth Ann Townsend-Capri O'Neill-Livia Chung-Chris Zurcher-Maxim Helmerich-Ken Pomeroy-James McAlister-Damien Lodes-Jennifer Rader-Shaun Maher-Tyler Kijac-Daniel Fortman,tornado-twister-natural disaster-oklahoma-storm chaser-disaster-storm-disaster movie-social media influencer-exhilarated-exuberant,/pjnD08FlMAIXsfOLKQbvmO0f0MD.jpg,/wsgni4E1UnBuvFouUUanSdniQi0.jpg,1226578-533535-956842-1023922-1263766-1001292-1129598-41059-1119527-1305928-162462-23736-280612-152266-1039482-1155058-14295-357894-1309770
956842,Fly Me to the Moon,Comedy-Romance,en,Sparks fly in all directions as marketing maven Kelly Jones brought in to fix NASA's public image wreaks havoc on Apollo 11 launch director Cole Davis' already difficult task of putting a man on the moon. When the White House deems the mission too important to fail Jones is directed to stage a fake moon landing as backup and the countdown truly begins.,177.468,These Pictures-Berlanti Productions-Apple Studios,2024-07-06,100000000.0,19000000.0,132.0,Released,Will they make history... or fake it?,7.452,52.0,Scarlett Johansson-Channing Tatum-Woody Harrelson-Jim Rash-Ray Romano-Nick Dillenburg-Anna Garcia-Noah Robbins-Colin Woodell-Christian Zuber-Donald Watkins-Peter Jacobson-Kyle S. Brown-Jessie Mueller-Colin Jost-Gary Weeks-Njema Williams-Dariusz Wolski-Todd Allen Durkin-Christian Grey Moore-Kade Pittman,nasa-romantic comedy-moon landing-space race-1960s-apollo program,/gjk8YdXpItoC1in53FCrZMFIuBx.jpg,/8xMR5w9qfpwhTJzjjvfj2ywvIF3.jpg,1104844-6974-718821-987686-1726-823482-939335-76600-900667-566525-967847-980489-507086-425909-877269-774752-315162-843794-667538-565770
762441,A Quiet Place: Day One,Horror-Science Fiction-Thriller,en,As New York City is invaded by alien creatures who hunt by sound a woman named Sam fights to survive with her cat.,1131.329,Paramount Pictures-Platinum Dunes-Sunday Night Productions,2024-06-26,67000000.0,244911350.0,99.0,Released,Hear how it all began.,6.79,546.0,Lupita Nyong'o-Joseph Quinn-Alex Wolff-Djimon Hounsou-Eliane Umuhire-Takunda Khumalo-Alfie Todd-Avy-Berry Worrall-Ronnie Le Drew-Benjamin Wong-Michael Roberts-Gavin Fleming-Elijah Ungvary-Alexander John-Thara Schöön-Thea Butler-Choy-Ling Man-Cain Aiden-Káit Feeney-Malik Jubal-Jennifer Woodward,monster-escape-cat-alien-prequel-survival-survivalist-fear-spin off-noise-silence-quiet,/hU42CRk14JuPEdqZG3AWmagiPAP.jpg,/2RVcJbWFmICRDsVxRI8F5xRmRsK.jpg,1226578-1086747-1084736-1022789-1008409-519182-956842-932086-718821-1012201-1023922-1029955-704673-974635-987686-635731-280180-999621-833257-1247031
932086,Horizon: An American Saga - Chapter 1,Drama-Western,en,Follow the story of how the Old West was won—and lost—through the blood sweat and tears of many. Spanning 15 years before during and following the Civil War from 1859 to 1874 embark on an emotional journey across a country at war with itself experienced through the lens of families friends and foes all attempting to discover what it truly means to be the United States of America.,310.872,Territory Pictures,2024-06-26,50000000.0,31670660.0,181.0,Released,The American saga begins this summer.,7.023,132.0,Kevin Costner-Sienna Miller-Sam Worthington-Jena Malone-Abbey Lee-Michael Rooker-Danny Huston-Luke Wilson-Ella Hunt-Tatanka Means-Owen Crow Shoe-Jeff Fahey-Tom Payne-Jamie Campbell Bower-Michael Angarano-Georgia MacPhail-Giovanni Ribisi-Will Patton-Isabelle Fuhrman-Tim Guinee-Colin Cunningham-Scott Haze-Douglas Smith-Alejandro Edda-Wasé Chief-Angus Macfadyen-Jon Beavers-Kathleen Quinlan-Etienne Kellici-Bodhi Okuma Linton-Gregory Cruz-Joe Burns-James Russo-David O'Hara-Chris Conner-Leroy Silva-Dale Dickey-Larry Bagby-James Landry Hébert-Claudia Conner-Daniel Link-Hayes Costner-Roger Ivens-Charles Halford-Whitney Palmer-Austin R. Grant-Bryan Hisey-Ariel Llinas-Raynor Scheine-Lindsay Foster-Cici Lau-Antonio D. Charity-Adriane McLean-John Coinman-Cleo Eringer-Parker-Nyla Eringer-Parker-Aidan McCann-Dawn Lura-Teyton Allan Colbert-Derek Hinkey-H. Jack Williams-Fiyero Barehand-Boo Arnold-Tiger Curran,montana-indigenous-brothel-new mexico-american civil war-post civil war-american west-19th century-manifest destiny-1860s-historical epic-1850s-arrogant-cliché-disrespectful,/tMI9SGttUJP96GbIIJOAaaCMkFe.jpg,/8UOAYjhwSF3aPZhm6wgLuyHRyrR.jpg,31506-706005-860901-77518-934601-1233208-592831-325372-912862-66141-19429-286595-718821-1104844-1100474-1226578-1051891-4169-1032425-1156966
801688,Kalki 2898-AD,Drama-Action-Fantasy-Science Fiction,te,In the year 2898 AD around 6000 years after Kurukshetra war Ashwatthama gears up for his final battle of redemption at the sign of hope in a dystopian world and Bhairava a wisecracking and self-interested bounty hunter tired of the perilous life becomes the hurdle in the process.,113.27,Vyjayanthi Movies,2024-06-26,75000000.0,120000000.0,181.0,Released,"When the world is taken over by darkness, a new force will arise.",6.705,39.0,Amitabh Bachchan-Prabhas-Deepika Padukone-Kamal Haasan-Saswata Chatterjee-Shobana-Rajendra Prasad-Pasupathy-Anna Ben-Keya Nair-Disha Patani-Harshith Malgireddy-Ayaz Pasha-Humhu-Kavya Ramachandran-Vinay Kumar-Anil George-Brahmanandam-Keerthy Suresh-Venkata Ramana-Hamish Boyd-Sanghwa Shin-Joher-Krishnakumar Balasubramanian-Arjun Das-Vijay Deverakonda-Malavika Nair-Mrunal Thakur-Dulquer Salmaan-Aakash Srinivas-Srinivas Avasarala-S. S. Rajamouli-Ram Gopal Varma-Anudeep-Faria Abdullah-Santhosh Narayanan-Đorđe Stojiljković-Sobhita Dhulipala,rebellion-temple-dystopia-villain-desert-religious statue-futuristic society-quest-imperialism-heroes-kalki-ancient temple-indian folklore-evil empire-fantasy-indian gods-mahabharat,/rstcAnBeCkxNQjNp3YXrF6IP1tW.jpg,/lOKQYk0IHZ3U6y1USV8dL3StXaE.jpg,1118224-1055288-1093971-962108-418325-1221198-1301273-1278884-212437-1209290-595743-948549-987686-1008409-762441-9339-573435-533535-27636
519182,Despicable Me 4,Animation-Family-Comedy-Action,en,Gru and Lucy and their girls—Margo Edith and Agnes—welcome a new member to the Gru family Gru Jr. who is intent on tormenting his dad. Gru also faces a new nemesis in Maxime Le Mal and his femme fatale girlfriend Valentina forcing the family to go on the run.,3195.72,Universal Pictures-Illumination-dentsu-Fuji Television Network,2024-06-20,100000000.0,810329715.0,94.0,Released,Things just got a little more despicable.,7.35,984.0,Steve Carell-Kristen Wiig-Will Ferrell-Sofía Vergara-Miranda Cosgrove-Dana Gaier-Madison Polan-Pierre Coffin-Chris Renaud-Steve Coogan-Stephen Colbert-Chloe Fineman-Joey King-Laraine Newman-John DiMaggio-Tara Strong-Romesh Ranganathan-Brad Ableson-Barbara Harris-Eden Boulton-JP Karliak-Cathy Cavadini-Arif S. Kinchen-Will Collyer-Jeremy Maxwell-Abby Craden-Ken Daurio-Khary Payton-John DeMita-Aaron Fors-Isaac Robinson-Smith-Willow Geer-Isa Hall-Nisa Ward-Aaron Hendry-Andreana Weiner-Colette Whitaker,superhero-villain-sequel-super villain-illumination-kids-disapproving,/wWba3TaojhK7NdycRhoQpsG0FaH.jpg,/lgkPzcOSnTvjeMnuFzozRO5HHw1.jpg,748783-1022789-1023922-533535-1114738-718821-573435-762441-1214509-1016346-1093995-1082063-729165-1209217-856289-786892-1226578-956842-1209290-280180
573435,Bad Boys: Ride or Die,Action-Crime-Thriller-Comedy,en,After their late former Captain is framed Lowrey and Burnett try to clear his name only to end up on the run themselves.,1715.076,Westbrook Studios-Columbia Pictures-Don Simpson/Jerry Bruckheimer Films,2024-06-05,100000000.0,331957666.0,115.0,Released,Miami's finest are now its most wanted.,6.995,465.0,Will Smith-Martin Lawrence-Vanessa Hudgens-Alexander Ludwig-Paola Nuñez-Eric Dane-Ioan Gruffudd-Jacob Scipio-Melanie Liburd-Tasha Smith-Rhea Seehorn-Tiffany Haddish-Joe Pantoliano-DJ Khaled-John Salley-Bianca Bethune-Dennis McDonald-Quinn Hemphill-Michael Bay-Derek Russo-Karter Reese Newsome-Levy Tran-Jay DeVon Johnson-Jeff J.J. Authors-Nicholas Verdi-Steven Sean Garland-Jerri Tubbs-Jewelianna Ramos-Ortiz-Enoch King-James Lee Thomas-Jay Shetty-Jason Davis-Ahmed Lucan-Bria Brimmer-Alex Pires-Nathan Hesse-Jesse Malinowski-Blanca Goodfriend-Jasmin Lawrence-Adriana Sheri-Joyner Lucas-Marybel Rodriguez-Austin Carter-Dwight Turner-Jenna Kanell-Rob Mars-Bobby Hernandez-Khaby Lame-Adil El Arbi-Bilall Fallah,miami florida-sequel-on the run-police detective-buddy cop-buddy comedy,/nP6RliHjxsz4irTKsxe8FRhKZYl.jpg,/gRApXuxWmO2forYTuTmcz5RaNUV.jpg,1001311-1022789-1086747-653346-823464-639720-955555-848116-31428-11366-1279433-1279104-1158416-40929-1294849-1074054-595228-1283707-38025-1118224
646683,The Exorcism,Horror-Thriller,en,A troubled actor begins to unravel while shooting a supernatural horror film leading his estranged daughter to wonder if he's slipping back into his past addictions or if there's something more sinister at play.,583.976,Miramax-Outerbanks Entertainment,2024-05-30,22000000.0,6354317.0,96.0,Released,They were making a cursed movie. They were warned not to. They should have listened.,4.568,110.0,Russell Crowe-Ryan Simpkins-Sam Worthington-Chloe Bailey-Adam Goldberg-Adrian Pasdar-David Hyde Pierce-Tracey Bonner-Marcenae Lynette-Joshua John Miller-Hallie Samuels-Samantha Mathis-Anna Maria Reyer-Jayden Fontaine-Zach Padlo-Josh Warren-Hannah Black-Joya Joseph-Scott Rapp-Jobie James-Robert Fortunato-Drew Broderick-Chris TC Edge-Chandler Lane-William Hutchings,exorcism-survival horror-broken family-psychological horror-amused,/v4PgVcOne2sumkyOK8O7BKB9PWX.jpg,/8fNBsXpgMvqk75SPsZzTmIqSRxY.jpg,43333-10205-456699-1125978-958006-13852-913001-16808-704673-964592-1308757-1174618-956842-56288-533535-243684-1048241-882059-573435-839369
786892,Furiosa: A Mad Max Saga,Action-Adventure-Science Fiction,en,As the world fell young Furiosa is snatched from the Green Place of Many Mothers and falls into the hands of a great Biker Horde led by the Warlord Dementus. Sweeping through the Wasteland they come across the Citadel presided over by The Immortan Joe. While the two Tyrants war for dominance Furiosa must survive many trials as she puts together the means to find her way home.,1872.179,Warner Bros. Pictures-Kennedy Miller Mitchell-Domain Entertainment,2024-05-22,170000000.0,172775791.0,149.0,Released,Fury is born.,7.652,2229.0,Anya Taylor-Joy-Chris Hemsworth-Tom Burke-Alyla Browne-George Shevtsov-Lachy Hulme-John Howard-Angus Sampson-Charlee Fraser-Elsa Pataky-Nathan Jones-Josh Helman-David Field-Rahel Romahn-David Collins-Goran D. Kleut-CJ. Bloomfield-Matuse Paz-Ian Roberts-Guy Spence-Robert Jones-Clarence John Ryan-Tim Burns-Tim Rogers-Florence Mezzara-Quaden Bayles-Peter Stephens-Sean Millis-Lee Perry-Dylan Adonis-David Barnett-Anna Adams-Peter Sammak-Shea Adams-Josh Randall-Karl Van Moorsel-Dawn Klingberg-Richard Norton-Stephen Amadasun-Nick Annas-Ripley Voeten-Matthew Van Leeve-Shane Dundas-Jamie Cluff-Adam Thompson-Shyan Tonga-Nellie Collins-Adam Washbourne-James Corcoran-Sasa Vitanovic-Tige Sixel Miller-Justice Jones-Maleeka Gasbarri-Keza Ishimwe-Nat Buchanan-Jacob Tomuri-Mark Wales-Bryan Probets-Danny Lim-Darcy Bryce-Chudier Gatwech-Shivantha Wijesinha-Spencer Connelly-Ben Smith-Petersen-Toby Fuller-Jayden Irving-Jesse Turner-Jon Iles-Harrison Norris-Ash Hodgkinson-Sean Renfrey-Xanthia Marinelli-Alex Time-Daniel Webber-Yeye Zhou-Nikos Andronicos-Kelli Bailey-Marcia Coronado-Matt De Souza-Hiroshi Kasuga-Shakriya Tarinyawat-Chong Wei Zhang,post-apocalyptic future-prequel-spin off-tyranny-masculinity-mother daughter relationship-child abduction-amused-enthusiastic,/iADOJ8Zymht2JPMoy3R7xceZprc.jpg,/wNAhuOZ3Zf84jCIlrcI6JhgmY5q.jpg,614933-1029955-1022789-929590-573435-1086747-653346-280180-882059-748783-76341-746036-370464-937287-974635-519182-1136318-437342-560016-704673
834562,Poolman,Mystery-Comedy,en,Darren Barrenman an unwavering optimist and native Angeleno spends his days looking after the pool of the Tahitian Tiki apartment block and fighting to make his hometown a better place to live.,25.353,AGC Studios-Barry Linen Motion Pictures-Brickell & Broadbridge International-CatchLight Studios-Shiny Penny-Wicious Pictures,2024-05-09,10000000.0,158933.0,100.0,Released,Los Angeles has a new hero.,4.8,18.0,Chris Pine-Annette Bening-Danny DeVito-DeWanda Wise-Jennifer Jason Leigh-Stephen Tobolowsky-Clancy Brown-John Ortiz-Ray Wise-Juliet Mills-Aflamu Johnson-Armie Hicks Jr.-Hollis W. Chambers-Christopher Chen-Laurent Schwaar-Michael Dunn-Robert Pine-Lakshmi Singh-Will Greenberg-Drew Droege-Jackie Beat-Sam Pancake-Amanda Walsh-Mauricio Andara-Jesse Schelle-Robert Baker-Fred Specktor-Evan Shafran,swimming pool-los angeles california-apartment building-city council,/a53JBiCtuTqQckOlFS6NbgBNleh.jpg,/81mBCIvDLNzIxTNWg1nG1OXufJe.jpg,1062532-269579-78041-1035583-740966-11820-653346-746036-1094844-392536-19545-1163258-823482-15999-533592-615774-48301-14749-36897
653346,Kingdom of the Planet of the Apes,Science Fiction-Adventure-Action,en,Several generations in the future following Caesar's reign apes are now the dominant species and live harmoniously while humans have been reduced to living in the shadows. As a new tyrannical ape leader builds his empire one young ape undertakes a harrowing journey that will cause him to question all that he has known about the past and to make choices that will define a future for apes and humans alike.,2419.072,20th Century Studios-Oddball Entertainment-Jason T. Reed Productions,2024-05-08,160000000.0,391407919.0,145.0,Released,No one can stop the reign.,6.868,1283.0,Owen Teague-Freya Allan-Kevin Durand-Peter Macon-William H. Macy-Eka Darville-Travis Jeffery-Lydia Peckham-Neil Sandilands-Ras-Samuel Welda'abzgi-Sara Wiseman-Kaden Hartcher-Andy McPhee-Nina Gallas-Samuel Falé-Dichen Lachman-Virginie Laverdure-Markus Hamilton-Benjamin Scott-Nirish Bhat Surambadka-Frances Berry-Peter Hayes-Sheree da Costa-Souleymane Diasse-Olga Miller-Dmitriy Miller-Anastasia Miller-Michael Spudic-Karin Konoval,empire-kingdom-gorilla-dystopia-eagle-sequel-anthropomorphism-distant future-ape-orangutan-evolution-chimpanzee-primate-sign languages-journey-cgi-live action hybrid-clan-post-apocalyptic-evil tyrant,/gKkl37BQuKTanygYQG1pyYgLVgf.jpg,/fqv8v6AycXKsivp1T5yKtLbGXce.jpg,573435-929590-823464-786892-1001311-1022789-746036-1111873-940721-719221-614933-967847-860867-1219685-998846-1152014-1093995-1147400-974635-639720
639720,IF,Comedy-Fantasy-Family,en,A young girl who goes through a difficult experience begins to see everyone's imaginary friends who have been left behind as their real-life friends have grown up.,1311.852,Paramount Pictures-Sunday Night-Maximum Effort,2024-05-08,110000000.0,176438104.0,104.0,Released,A story you have to believe to see.,7.5,285.0,Cailey Fleming-Ryan Reynolds-John Krasinski-Fiona Shaw-Steve Carell-Phoebe Waller-Bridge-Louis Gossett Jr.-Alan Kim-Liza Colón-Zayas-Bobby Moynihan-Catharine Daddario-Audrey Hoffman-Laquet Sharnell Pringle-Ed Herbstman-Barbara Andres-Alexander Rivero-Shauna Pinkett-Sa'Raya Paris Johnson-Marta Siteiya Moipei-David Weissmann-Awkwafina-Emily Blunt-George Clooney-Bradley Cooper-Matt Damon-Bill Hader-Richard Jenkins-Keegan-Michael Key-Blake Lively-Sebastian Maniscalco-Christopher Meloni-Matthew Rhys-Sam Rockwell-Maya Rudolph-Amy Schumer-Allyson Seeger-Jon Stewart,friendship-imaginary friend-angry-imaginary-live action and animation-imagination,/xbKFv4KF3sVYuWKllLlwWDmuZP7.jpg,/nxxCPRGTzxUH8SFMrIsvMmdxHti.jpg,1057006-1284004-1269459-257237-1188853-1076942-1044298-1052886-967183-748783-950253-187028-1148027-786892-18041-6498-1012201-653346-1056380
858017,I Saw the TV Glow,Drama-Horror,en,Teenager Owen is just trying to make it through life in the suburbs when his classmate introduces him to a mysterious late-night TV show — a vision of a supernatural world beneath their own. In the pale glow of the television Owen’s view of reality begins to crack.,508.27,A24-Fruit Tree-Smudge Films-Hypnic Jerk-Access Entertainment,2024-05-03,10000000.0,4184000.0,100.0,Released,Look a little closer.,6.007,76.0,Justice Smith-Brigette Lundy-Paine-Ian Foreman-Helena Howard-Lindsey Jordan-Danielle Deadwyler-Fred Durst-Conner O'Malley-Emma Portner-Madaline Riley-Amber Benson-Albert Birney-Michael C. Maronna-Danny Tamberelli-Timothy Allan-Tyler Dean Flores-Elizabeth Scopel-Marlyn Bandiero-Haley Dahl-Raina Block-Bailey Wollowitz-Lily Rothman-Phoebe Bridgers-Kris Esfandiari-Wilson Flores-Thommy Northcut-Julie Lodhy-Michael Twaine-Evangeline Johns-Elaine Apruzzese-Cynthia Clancy-Will Fitz-Ben Heineman-Julissa Piatt-Michelle Santiago,high school-friendship-loss of sense of reality-sexuality-identity-obsession-surrealism-asthma-sleepover-nostalgia-suburbia-coming of age-loneliness-arcade-vhs-tv show in film-guilt-lgbt-lgbt teen-planetarium-running away-gender dysphoria-existentialism-1990s-subconscious-2000s-2010s-movie theater-independent film-body horror-teenager-liminal space-nonbinary director-depressing-gay,/hS4GYkYpN1rfl4GIxyc02sCyfAj.jpg,/sNBnCmF1ueoERa4uW5kh929KkRO.jpg,1001006-145762-1135176-358904-1160340-505319-1094596-45967-646265-944952-963765-786892-937746-399019-798286-976893-941-940721-913991-872585
719221,Tarot,Horror-Thriller,en,When a group of friends recklessly violates the sacred rule of Tarot readings they unknowingly unleash an unspeakable evil trapped within the cursed cards. One by one they come face to face with fate and end up in a race against death.,360.618,Screen Gems-Alloy Entertainment-Ground Control Entertainment-Capstone Pictures,2024-05-01,8250000.0,20215419.0,92.0,Released,Your fate is in the cards.,4.8,32.0,Harriet Slater-Adain Bradley-Avantika-Jacob Batalon-Alana Boden-Humberly Gonzalez-Wolfgang Novogratz-Larsen Thompson-Olwen Fouéré-Sunčica Milanović-Alan Wells-Joss Carter-James Swanton-Staša Nikolić-Anna Halberg,tarot cards-slasher-group of friends-tarot-supernatural horror,/gAEUXC37vl1SnM7PXsHTF23I2vq.jpg,/otfoeC96neoOdA4HqsX06OWuzE9.jpg,1117321-1019939-400309-1008042-634649-475557-299534-181808-438631-568124-324786-76600-392044-324552-512200-118340-22538-19995-381288-502356
748783,The Garfield Movie,Animation-Comedy-Family-Adventure-Action,en,Garfield the world-famous Monday-hating lasagna-loving indoor cat is about to have a wild outdoor adventure! After an unexpected reunion with his long-lost father – scruffy street cat Vic – Garfield and his canine friend Odie are forced from their perfectly pampered life into joining Vic in a hilarious high-stakes heist.,813.181,Alcon Entertainment-DNEG-Wayfarer Studios-One Cool Group-Stage 6 Films-Andrews McMeel Entertainment-John Cohen Productions,2024-04-30,60000000.0,221871392.0,101.0,Released,Indoor cat. Outdoor adventure.,7.179,815.0,Chris Pratt-Samuel L. Jackson-Hannah Waddingham-Ving Rhames-Nicholas Hoult-Cecily Strong-Harvey Guillén-Brett Goldstein-Bowen Yang-Snoop Dogg-Janelle James-Angus Cloud-Jeff Foxworthy-Eugenia Caruso-Luke Cinque-White-Dev Joshi-Chana Keefer-Mark Keefer-Edward Montgomery-Mark Dindal-Cameron Bernard Jones-Darren Foreman-Timothy Quinlan-Matt Rippy-Alicia Grace Turrell-Eric Loren-Melli Bond-Lynsey Murrell-Amelia Sciandra-Jennifer Woodward-Hannah Felix,friendship-cat-villain-based on comic-lasagne-computer animation-based on cartoon-food-dog-female villain-aftercreditsstinger-father son relationship-adaptation-adoring-joyful,/xYduFGuch9OwbCOEUiamml18ZoB.jpg,/1wP1phHo2CROOqzv7Azs0MT5esU.jpg,1093995-974262-653346-639720-1197406-1207898-1082063-519182-1048241-1079485-882059-786892-739547-1209290-718821-1022789-740441-560016-758679-573435
746036,The Fall Guy,Action-Comedy,en,Fresh off an almost career-ending accident stuntman Colt Seavers has to track down a missing movie star solve a conspiracy and try to win back the love of his life while still doing his day job.,512.661,87North Productions-Entertainment 360-Universal Pictures,2024-04-24,125000000.0,177843881.0,126.0,Released,Fall hard.,7.227,1606.0,Ryan Gosling-Emily Blunt-Aaron Taylor-Johnson-Hannah Waddingham-Teresa Palmer-Stephanie Hsu-Winston Duke-Ben Knight-Matuse Paz-Adam Dunn-Zara Michales-Ioane Sa'ula-Gregory J. Fryer-Madeleine Wilson-Kalkidan China-Angela Nica Sullen-Di Smith-Megan O'Connell-Jack Doherty-Tony Lynch-Georgia Nottage-David Collins-Semu Filipo-Andrew Owen-Dan Reardon-Marky Lee Campbell-Chris Matheson-Nathan Langworthy-Tim Franklin-Scott Johnson-Beth Champion-Emily Havea-Lawrence Ola-Cassandra Sorrell-Ben Gerrard-Diego Retamales-Simon McLachlan-Alex Lee-Andrew Ryan-Lee Majors-Heather Thomas-Jason Momoa-Daniel Nelson-Charlotte Wood-Madeleine Jones-Theodore Avery-Nova Onas-Nathan Bates-Shakriya Tarinyawat-Luisa Mariano-Tahlia Crinis-Martin Cohen-Georgia Willett-Yoji Tatsuta,stuntman-missing person-duringcreditsstinger-movie industry-action comedy-based on tv series-factual-amused-joyful,/tSz1qsmSJon0rqjHBxXZmrotuse.jpg,/H5HjE7Xb9N09rbWn1zBfxgI8uz.jpg,929590-937287-882059-653346-639720-786892-614933-974635-1111873-799583-719221-1152014-1047020-437342-998846-940721-693134-843527-618588-938614
923667,Twilight of the Warriors: Walled In,Action-Crime-Thriller,cn,Set in the 1980s troubled youth Chan Lok-kwun accidentally enters the Walled City discovers the order amidst its chaos and learns important life lessons along the way. In the Walled City he becomes close friends with Shin Twelfth Master and AV. Under the leadership of Cyclone they resist against the invasion of villain Mr. Big in a series of fierce battles. Together they vow to protect the safe haven that is Kowloon Walled City.,61.988,Entertaining Power-One Cool Pictures-Sil-Metropole Organisation-Lian Ray Pictures-HG Entertainment-Zhejiang Hengdian Film Production-Tao Piao Piao-Media Asia,2024-04-23,38400000.0,46366411.0,125.0,Released,Don't cause trouble in the walled city,7.312,69.0,Louis Koo-Sammo Hung-Raymond Lam-Terrance Lau-Richie Jen-Philip Ng-Tony Wu-Man Kit Cheung-Kenny Wong Tak-Ban-Fish Liew-Chu Pak-Hong-Aaron Kwok-Sean Wong Tsz-lok-Jozev Lau-Cecilia Choi-Chung Suet-Ying-Deon Cheung-Law Wing-Cheong-Kam Loi-Kwan-Gallan So Chi-Chiu-Alex Lee Yip-Kin-Pang Hoi-Kwan-Lai Tsz-Chun-So Wai-Nam-Vincent Tam Yu-Hong-Jonas Cheung Chi-Hang-Ivy Pang-Samson Tsang Chung-Yuen-Rodney Wong-Mak Ka-Ho-Frank Liu Zong-Ji-Stanly Ma-Jimmy Wong Wa-Wo-Clifford Tsang Man-Wai-Lam Wai Nin-Giselle Lam,martial arts-kung fu-based on comic-based on manhwa,/PywbVPeIhBFc33QXktnhMaysmL.jpg,/9juRmk8QjcsUcbrevVu5t8VZy5G.jpg,931944-958855-139329-1103621-1114751-1278263-1212009-974950-674813-1162400-1223799-1261734-1228597-198971-1239506-533991-1229349-575446-646683-11257
799583,The Ministry of Ungentlemanly Warfare,Action-War-Drama,en,During World War II the British Army assigns a group of competent soldiers to carry out a mission against the Nazi forces behind enemy lines... A true story about a secret British WWII organization – the Special Operations Executive. Founded by Winston Churchill their irregular warfare against the Germans helped to change the course of the war and gave birth to modern black operations.,120.185,Jerry Bruckheimer Films-Black Bear Pictures-Toff Guy Films,2024-04-18,60000000.0,25885290.0,120.0,Released,Discover the first special forces mission in history.,7.286,385.0,Henry Cavill-Eiza González-Alan Ritchson-Henry Golding-Cary Elwes-Alex Pettyfer-Hero Fiennes Tiffin-Babs Olusanmokun-Henry Zaga-Til Schweiger-Freddie Fox-Rory Kinnear-Danny Sapani-James Wilby-Matthew Hawksley-Simon Paisley Day-Mark Oosterveen-Roger Snipes-Ethel von Brixham-Carlos Bardem-Jonathan Keeble-Victor Oshin-Alessandro Babalola-Orshuff Emmanuel Mele-Tim Seyfi-George Asprey-Luca Marrocco-Paul Antony-Barber-Bikiya Graham Douglas-Nikolas Salmon-Mert Kılıç-Jens Grund-Olaf Kayhan-Nail Abdrakhmanov-Mert Dincer-Adem Yılmaz-Russell Balogh-Rupert Robinson-Jonathan Keeble,army-operation-based on novel or book-spy-world war ii-based on true story-soldier-special forces-military-black ops-dangerous mission-1940s-winston churchill-action comedy-historical comedy-comedy thriller,/8aF0iAKH9MJMYAZdi0Slg77RYa2.jpg,/jLRtQNOwA0ul2gnRoZ0QjNwMUN1.jpg,1047020-1111873-746036-882059-823464-937287-1087388-914215-715253-1002315-1015634-788669-913001-1116490-457249-984317-653664-1247227-34288-977262
937287,Challengers,Romance-Drama,en,"Tennis player turned coach Tashi has taken her husband Art and transformed him into a world-famous Grand Slam champion. To jolt him out of his recent losing streak she signs him up for a ""Challenger"" event — close to the lowest level of pro tournament — where he finds himself standing across the net from his former best friend and Tashi's former boyfriend.",78.903,Pascal Pictures-Why Are You Acting? Productions-Frenesy Film-Metro-Goldwyn-Mayer,2024-04-18,55000000.0,94182533.0,132.0,Released,Her game. Her rules.,7.142,1303.0,Zendaya-Mike Faist-Josh O'Connor-Darnell Appling-Bryan Doo-Shane T Harris-Nada Despotovich-Joan Mcshane-Chris Fowler-Mary Joe Fernández-A.J. Lister-Connor Aulson-Doria Bramante-Christine Dye-James Sylva-Kenneth A. Osherow-Kevin Collins-Burgess Byrd-Jason Tong-Hudson Rivera-Noah Eisenberg-Emma Davis-Naheem Garcia-Alex Bancila-Jake Jensen-Konrad Ryba-Hailey Gates-Andrew Rogers-Beverly Kristenson Helton-Brad Gilbert-Sam Xu-Caleb Schneider-Sam Arnold-David S. Bookbinder-Jack Amsler-Lachlan Boyle-Courtney Brooks-Dennis Daniel-Tierre Diaz-Jeffrey Ford-Elaine Victoria Grey-Jason Hewitt-Ian Dylan Hunt-Kagga Jayson-Lizzy Kircher-Bobby Leigh-Donna Martuge-Francis McGinny-Casey McNeal-Nicole Nassif-Patricia Pinto-Anne Reardon-Rhonda Araujo Smith-Juan Szilagyi-Annabella Valle,infidelity-husband wife relationship-love triangle-sports-tennis-competition-eroticism-atlanta-tennis player-male friendship-rivalry-interracial marriage-tennis court-ex-boyfriend ex-girlfriend relationship-knee injury-new rochelle new york-prodigy-tennis pro-2000s-codependency-2010s-female coach-psychosexual-sports drama-power dynamics-tense-romantic,/H6vke7zGiuLsz4v4RPeReb9rsv.jpg,/4CcUgdiGe83MeqJW1NyJVmZqRrF.jpg,746036-929590-998846-843527-948549-786892-1029955-799583-618588-916405-1111873-758679-1109778-1161108-1247031-1032425-1037052-976584-1037051-1290938
437342,The First Omen,Horror,en,When a young American woman is sent to Rome to begin a life of service to the church she encounters a darkness that causes her to question her own faith and uncovers a terrifying conspiracy that hopes to bring about the birth of evil incarnate.,300.859,Phantom Four-20th Century Studios,2024-04-03,30000000.0,53845880.0,119.0,Released,Create something to fear.,6.824,663.0,Nell Tiger Free-Ralph Ineson-Sônia Braga-Bill Nighy-María Caballero-Nicole Sorace-Tawfeek Barhom-Charles Dance-Ishtar Currie Wilson-Andrea Arcangeli-Guido Quaglione-Dora Romano-Michelangelo Dalisi-Anton Alexander-Mia McGovern Zaini-Eugenia Delbue-Charita Cecamore-Federica Santoro-Donatella Bartoli-Marial Bajma-Riva-Mario Opinato-Rachel Hurd-Wood-Nicola Garofalo-Marcello Paesano-Giacomo Henri Dossi-Sylvia Panacione-Daniela Barra-Alessandra Fallucchi-Milena Božić-Dobrila Stojnic-Alberto Tierrez-Ljiljana Žunić-Eva Ras-Miodrag Rakočević-James Swanton-Andjelko Pavlović-Mina Knežević-Ema Nastić-Mateja Nešović-Lana Stanojević-Borislav Bogosavac-Dejan Dragosavac-Darko Corovic-Strahinja Despić-Amy Clayton-Amalia Strand-Nigel Dyson,nun-prophecy-italy-devil's son-revelation-anti-christ-prequel-priest-female protagonist-church-freaky-dark secret-religious horror,/uGyiewQnDHPuiHN9V4k2t9QBPnh.jpg,/tkHQ7tnYYUEnqlrKuhufIsSVToU.jpg,786892-719221-940721-1111873-560016-998846-10766-980083-1022128-1020896-806-653346-1290938-929590-1115395-1010600-1041613-1263421-1086747
560016,Monkey Man,Action-Thriller,en,Kid an anonymous young man who ekes out a meager living in an underground fight club where night after night wearing a gorilla mask he is beaten bloody by more popular fighters for cash. After years of suppressed rage Kid discovers a way to infiltrate the enclave of the city’s sinister elite. As his childhood trauma boils over his mysteriously scarred hands unleash an explosive campaign of retribution to settle the score with the men who took everything from him.,158.879,Thunder Road-Bron Studios-Monkeypaw Productions-Minor Realm-Creative Wealth Media Finance-WME Independent-S'YA Concept,2024-04-03,10000000.0,12000000.0,121.0,Released,One small ember can burn down everything.,7.6,38.0,Dev Patel-Sikandar Kher-Pitobash-Sobhita Dhulipala-Vipin Sharma-Sharlto Copley-Ashwini Kalsekar-Jatin Malik-Adithi Kalkunte-Makrand Deshpande-Brahim Achabbakhe-Zakir Hussain,complex-indian-revenge thriller-action thriller-powerful,/b4fn3VIdVTT3SX0rFMNFbl5xuvg.jpg,/dvpzY91fvfcWSYgb0Xlan2NNLLU.jpg,29787-292125-325534-790409-586032-795811-923344-574284-729120-817451-701121-659983-680734-945675-1098160-1037644-833326-28794-682152-1039960
823464,Godzilla x Kong: The New Empire,Action-Adventure-Science Fiction-Fantasy-Thriller-Mystery,en,Following their explosive showdown Godzilla and Kong must reunite against a colossal undiscovered threat hidden within our world challenging their very existence – and our own.,359.753,Legendary Pictures,2024-03-27,150000000.0,567156493.0,115.0,Released,Rise together or fall alone.,7.164,3566.0,Rebecca Hall-Brian Tyree Henry-Dan Stevens-Kaylee Hottle-Alex Ferns-Fala Chen-Rachel House-Ron Smyck-Chantelle Jamieson-Greg Hatton-Kevin Copeland-Tess Dobre-Tim Carroll-Anthony Brandon Wong-Sophia Emberson-Bain-Chika Ikogwe-Vincent B. Gorce-Zhou Yeye-Jamaliah Othman-Nick Lawler-Jordy Campbell-Cassie Riley-Robert Clavero-Patrick Moroney,giant monster-sequel-dinosaur-monkey-kaiju-fantasy world-giant ape-langue française-godzilla-king kong-cliché-pretentious,/z1p34vh7dEOnLDmyCrlUVLuoDzd.jpg,/veIyxxi5Gs8gvztLEW1Ysb8rrzs.jpg,1011985-929590-967847-653346-940721-746036-614933-359410-1275232-816741-693134-437342-1096197-1094844-618588-560016-573435-799583-786892-934632
938614,Late Night with the Devil,Horror,en,A live broadcast of a late-night talk show in 1977 goes horribly wrong unleashing evil into the nation's living rooms.,225.804,Spooky Pictures-Future Pictures-Good Fiend Films-Image Nation Abu Dhabi-VicScreen-AGC Studios,2024-03-19,2000000.0,11902746.0,93.0,Released,Do not adjust your set.,7.307,892.0,David Dastmalchian-Laura Gordon-Ian Bliss-Fayssal Bazzi-Ingrid Torelli-Rhys Auteri-Georgina Haig-Josh Quong Tart-Steve Mouzakis-Paula Arundell-Tamala Shelton-Christopher Kirby-Gaby Seow-Elise Jansen-John O'May-Clare Chihambakwe-Amelie Mendosa-Grace Cummings-Michael Ironside-Andre Switzer-Declan Fay-Milena Berhane-Leah Wilbraham-Chase Kauffman-Miranda Bloom-Mitchell Brotz-Caspian Dezfouli-Rod Lara-Nicole Chapman-Steven Kwon-Imaan Hadchiti-Farhad Zaiwala-Jarrad Pidoto-Paddy Shiels-Aya Cairnes-Gerasimos Grammenos-Pearl Grammenos-Adam Batt-Raoul Salter-Janine Lum-Rik Brown-Scarlett Varga-Sarah Lorey-Tiare Skeats-Anna van Guens-Arkie Simpson-Purdon-Daisy Anderson-Joel Anderson-Miles Brown-Scott Purdon-Quincy Simpson-Purdon-Jason Rout-Jeff Schwisow-Michael McArthur-Jason Marion-Angus Neale-Julia Pretto-John Leary-Déborrah Moogy Morgan,new york city-1970s-halloween-possession-hallucination-evil-hypnotism-found footage-satanic cult-shocking-death of wife-parapsychology-magician-late-night show-supernatural horror-satanic panic-intense-sinister-awestruck-ominous,/mu8LRWT9GHkfiyHm7kgxT6YNvMW.jpg,/4yrOyO3N55XazHQXXYoqiiPQd40.jpg,560016-1111873-1041613-1226578-852247-1058620-1125311-838209-845783-934632-437342-1063879-993784-1017163-1231035-245917-1019939-1004642-1058638-269705
618588,Arthur the King,Adventure-Drama,en,Over the course of ten days and 435 miles an unbreakable bond is forged between pro adventure racer Michael Light and a scrappy street dog companion dubbed Arthur. As the team is pushed to their outer limits of endurance in the race Arthur redefines what victory loyalty and friendship truly mean.,119.527,Entertainment One-Tucker Tooley Entertainment-Municipal Pictures-Lionsgate-Atmosphere Entertainment MM,2024-03-15,19000000.0,34339848.0,107.0,Released,An unexpected encounter. An unlikely bond. An unforgettable adventure.,7.953,415.0,Mark Wahlberg-Nathalie Emmanuel-Simu Liu-Ali Suliman-Juliet Rylance-Bear Grylls-Michael Landes-Paul Guilfoyle-Rob Collins-Elizabeth Chahin-Viktor Åkerblom-Zamantha Díaz-Cece Valentina-Roger Wasserman-Sharon Gallardo-Andrés Castillo-Angie Berube-Alani iLongwe-Mauricio Adrian-Luis del Valle-Arturo Duvergé-Oscar Best-Iban Marrero-Carlton Mallard,sweden-based on true story-lost dog-dog rescue-dog adventure,/zkKB3kOun5DKAkm61pHvLbrjxfa.jpg,/jw4SNkaSgbrO7VJPsZUZqbBg1Ph.jpg,1116490-1087388-895959-614933-786892-8944-1072269-12142-958186-779816-1057006-4997-1062644-1163194-49694-487689-39776-34723-1013240-284286
763215,Damsel,Fantasy-Action-Adventure,en,A young woman's marriage to a charming prince turns into a fierce fight for survival when she's offered up as a sacrifice to a fire-breathing dragon.,1486.614,PCMA Productions-Roth-Kirschenbaum Films,2024-03-07,60000000.0,5000.0,110.0,Released,This is not a fairytale.,7.173,1295.0,Millie Bobby Brown-Ray Winstone-Angela Bassett-Brooke Carter-Nick Robinson-Robin Wright-Milo Twomey-Nicole Joseph-Patrice Naiambana-Ulli Ackermann-Mens-Sana Tamakloe-Ezra Faroque Khan-Tasha Lim-Brogan McFarlane-Sonya Nisa-Esther Odumade-Margarita Ren-Eloise Shephard Taylor-Sofia Shallai-Matt Slack-Manon Stieglitz-Antonio Craveiro-Shohreh Aghdashloo-Sam Sharma,princess-fire-chase-kingdom-sword-mountain-revenge-knight-dragon-hero's journey-derisive-hopeful-fairytale,/AgHbB9DCE9aE57zkHjSmseszh6e.jpg,/deLWkOLZmBNkm8p16igfapQyqeq.jpg,138038-829280-293660-177572-135397-18239-8587-10681-557-315635-140607-297802-335797-82690-284053-38757-1930-454983-68735-809-24428
693134,Dune: Part Two,Science Fiction-Adventure,en,Follow the mythic journey of Paul Atreides as he unites with Chani and the Fremen while on a path of revenge against the conspirators who destroyed his family. Facing a choice between the love of his life and the fate of the known universe Paul endeavors to prevent a terrible future only he can foresee.,4742.163,Legendary Pictures,2024-02-27,190000000.0,683813734.0,167.0,Released,Long live the fighters.,8.3,2770.0,Timothée Chalamet-Zendaya-Rebecca Ferguson-Javier Bardem-Josh Brolin-Austin Butler-Florence Pugh-Dave Bautista-Christopher Walken-Léa Seydoux-Stellan Skarsgård-Charlotte Rampling-Souheila Yacoub-Roger Yuan-Babs Olusanmokun-Alison Halstead-Giusi Merli-Kait Tenison-Tara Breathnach-Akiko Hitomi-Imola Gáspár-Alison Adnet-Hamza Baissa-Hassan Najib-Jasper Ryan-Carter-Elbooz Omar Ahmed Fathie-Abdelkarim Hussein Seli Mohamed Hassanin-Joseph Beddelem-Xavier Alba Royo-Rachid Abbad-Affif Ben Badra-Botond Bóta-Abdelaziz Boumane-Abdellah Echahbi-Zouhair Elakkari-Noureddine Hajoujou-Mohamed Mouraoui-Adil Achraf Sayd-Hamza Sayd-Hopi Grace-Havin Fathi-Kincsö Pethö-Cat Simmons-Burt Caesar-Remi Fadare-Amer El-Erwadi-Tedroy Newell-Oxa Hazel-Hajiyeva Pakiza-Leon Herbert-Sima Rostami-Yvonne Campbell-Joseph Charles-Vic Zander-Dylan Baldwin-Marcia Tucker-Nicola Brome-Kathy Owen-Huw Novelli-Moe Bar-El-Serhat Metin-Amra Mallassi-Adam Bloom-Luis Alkmim-Jordan Long-Omar A.K.-Zdeněk Dvořáček-Billy Clements-Anton Saunders-Lex Daniel-Dominic McHale-Paul Boyle-Niall White-Tony Cook-Gábor Szemán-Jonathan Gunning-Will Irvine-Alan Mehdizadeh-Rex Adams-Molly Mcowan-Ana Cilas-Kajsa Mohammar-Sára Bácsfalvi-Kocsis Zsofia-Matthew Sim-Steve Wall-Italo Amerighi-Tim Hilborne-Cecile Sinclair-Tracy Coogan-Zoe Kata Kaska-Jimmy Walker-Rand Faris-Fouad Humaidan-Manaf Irani-Dora Kápolnai-Schvab-Joelle-Anya Taylor-Joy-Peter Sztojanov Jr.-Alexandra Tóth,epic-based on novel or book-fight-sandstorm-sand-spice-chosen one-sequel-distant future-creature-planet-desert-destiny-giant worm-space opera-sand dune-messiah-vengeance-giant creature-power-violence-dune part two,/czembW0Rk1Ke7lCJGahbOhdCuhV.jpg,/xOMo8BRK7PfcJv9JCnx7s5hj0PX.jpg,438631-763215-792307-1011985-467244-634492-359410-915935-1022690-823464-1056360-994108-636706-967847-998022-957304-935271-697620-760774-932420
957304,Drive-Away Dolls,Comedy-Crime,en,Jamie an uninhibited free spirit bemoaning yet another breakup with a girlfriend and her demure friend Marian desperately needs to loosen up. In search of a fresh start the two embark on an impromptu road trip to Tallahassee but things quickly go awry when they cross paths with a group of inept criminals along the way.,104.107,Working Title Films-Focus Features,2024-02-22,8000000.0,5250531.0,84.0,Released,A story of two ladies going south.,5.6,186.0,Margaret Qualley-Geraldine Viswanathan-Beanie Feldstein-Joey Slotnick-C.J. Wilson-Colman Domingo-Pedro Pascal-Bill Camp-Matt Damon-Connie Jackson-Annie Gonzalez-Gordon MacDonald-Sam Vartholomeos-John Menchion-Michael Counihan-Abby Hilden-Haley Holmes-Fatima Fine-Sam Mazzei-Jordan Zatawski-Samsara Yett-Savanna Ziegler-Michael Worden-Braxton McCollum-Daniel Kirkman-Layne Lazor-Phil McFall-Angelo Maldonado Jr.-Cristina Contreras-Michael Edelstein-Micaela Minner-Billy Hough-Alex Halpern-Angela Boehm-Josh Flitter-Miley Cyrus,philadelphia pennsylvania-ex-girlfriend-suitcase-female friendship-road trip-dildo-lgbt-1990s-closeted homosexual-lesbian-tallahassee-female protagonists-whimsical-ridiculous,/gavGnAMTXPkpoFgG0stwgIgKb64.jpg,/zVMdsmRUH2U1bZSYr8GLZkfs3mi.jpg,1237527-522893-629704-939014-22090-954802-44179-1000561-1233213-819504-129568-245613-345927-1004555-1096252-399178-975056-1174024-1118035-1010639
634492,Madame Web,Action-Fantasy,en,Forced to confront revelations about her past paramedic Cassandra Webb forges a relationship with three young women destined for powerful futures...if they can all survive a deadly present.,191.037,Columbia Pictures-di Bonaventura Pictures,2024-02-14,80000000.0,100298817.0,116.0,Released,Her web connects them all.,5.532,1644.0,Dakota Johnson-Sydney Sweeney-Isabela Merced-Celeste O'Connor-Tahar Rahim-Mike Epps-Emma Roberts-Adam Scott-Kerry Bishé-Zosia Mamet-José María Yázpik-Kathy-Ann Hart-Josh Drennen-Yuma Feldman-Miranda Adekoje-Deirdre McCourt-Naheem Garcia-Jill Hennessy-Rosemary Crimp-Brian Faherty-Shaun Bedgood-Mike Bash-Cilda Shaur-Jennifer Ellis-Kris Sidberry-Erica Souza-Rena Maliszewski-Michael Malvesti-Gopal Lalwani-Shawnna Thibodeau-Dominique Washington,new york city-superhero-spider-based on comic-super power-paramedic-superhero team-manhattan new york city-clairvoyant-teen superhero-web-origin story-2000s-vision of the future-female superhero-amused-superpower,/rULWuutDcN5NvtiZi4FRPzRYWSh.jpg,/pwGmXVKUgKN13psUjlhC9zBcq1o.jpg,763215-359410-1011985-856289-848538-1181548-693134-624091-802219-969492-1072790-967847-934632-1125311-792307-940551-975902-1192209-960292-974036
866398,The Beekeeper,Action-Crime-Thriller,en,One man's campaign for vengeance takes on national stakes after he is revealed to be a former operative of a powerful and clandestine organization known as Beekeepers.,248.977,Miramax-Cedar Park Entertainment-Punch Palace Productions,2024-01-08,35000000.0,152720535.0,105.0,Released,Expose the corruption. Protect the hive.,7.4,2637.0,Jason Statham-Emmy Raver-Lampman-Bobby Naderi-Josh Hutcherson-Jeremy Irons-Taylor James-Phylicia Rashād-Jemma Redgrave-Minnie Driver-Sophia Feliciano-Enzo Cilenti-Li Dan-Adam Basil-David Witts-Michael Epp-Don Gilet-Megan Le-Georgia Goodman-Derek Siow-Jay Rincon-Kojo Attah-Joe Urquhart-Peter Brooke-Martin Gordon-Rebecca Hazlewood-Arian Nik-Millen Brown-Reza Diako-Adam Basil-Harry Fitzgerald-Pedro Minas-Sunny Dhillon-Rocci Williams-Kevin Golding-Víctor Pérez-Baba Oyejide-Bharat Mistri-Olivia Mardon-Valentina Novakovic-Kojo Quainoo-Jessica Maria Gilhooley-Phil Hodges-Charles A. Partridge-Jonathan Cohen-James Moontasri-Samuel Pont,potus-secret government agency-fbi agent-beekeepers-scammer-scam call center-inspirational-retired assassin-intense-ambiguous-amused-familiar-joyful-powerful,/A7EByudX0eOzlkQ2FIbogzyazm2.jpg,/4MCKNAc6AbWjEsM2h9Xc29owo4z.jpg,572802-933131-969492-848187-955916-787699-1212073-359410-848538-1214314-1029575-1022796-1072790-940551-634492-1139829-763215-848326-792307-299054
779816,White Bird,Drama-History-Romance-Family,en,Julian Albans the bully who left Beecher Prep is visited by his Grandmère from Paris and is transformed by her remarkable story of compassion and courage. As a girl in Nazi-occupied France the young Grandmère goes into hiding with the help of a schoolmate a young man who risks everything to give her the chance to survive. Together they find beauty and love in the secret world of their own creation.,35.074,Participant-Mandeville Films-2DUX²-Kingdom Story Company-Lionsgate,2024-01-04,30000000.0,2073065.0,120.0,Released,One act of kindness lives on forever.,8.5,19.0,Ariella Glaser-Orlando Schwerdt-Bryce Gheisar-Gillian Anderson-Helen Mirren-Jo Stone-Fewings-Patsy Ferran-Stuart McQuarrie-Olivia Ross-Ishai Golan-Nadine Leon Gobet-John Bubniak-Jim High-Philip Lenkowsky-James Beaumont-Teagan Stark-Priya Ghotane-Yelisey Kazakevich-Jem Matthews-Sam Talacko-Timon McLean-Selma Kaymakci-Lily Huong Mac-Adam Bakule-Anise Napoleao dos Reis-Jordan Cramond-Laura Hudečková,france-nazi-holocaust (shoah)-world war ii-private school-bullying-hitler youth-coming of age-german occupation of france-kindness-based on graphic novel-jewish girl-jewish refugee-1940s-nazi propaganda-grandmother grandson relationship-interfaith,/1BS7e6MiWlgemAwHCaRCt41Zp3x.jpg,/6cSavkIT0aMLDz7NNriYsMt5QlI.jpg,201847-463725-1144047-1140222-513421-54563-984324-1725-930564-406997-646380-976573-530385-475557-496243-888321-634649-438631-473033-299537
